<?xml version="1.0"?>
<Page Version="4000" TimeStamp="2014-04-11 13:13:51">
	<Location top="38" left="268" bottom="615" right="942" />
	<PageEditSize Type="Inherited" />
	<ProjectUUID>CEE75F90-6086-4AD0-890B-C051C7F4AF0D</ProjectUUID>
	<Title>guipro::LocalizedText( '57', guipro::CurrentLanguage )</Title>
	<IsDialogPage>true</IsDialogPage>
	<Positioning>Save Last Position</Positioning>
	<TemplatesTabOrderPosition>2</TemplatesTabOrderPosition>
	<Background Inherited="true" />
	<PageObject Type="Rectangle">
		<Location top="288" left="6" bottom="564" right="654" />
		<Shape>In-Shadow</Shape>
		<FillColor>
			<UserColor GUID="4C29CF98-3E51-4BAA-8563-90FCE3E3DF3B">default background</UserColor>
		</FillColor>
		<LineColor>
			<UserColor GUID="9E91AFF7-0C42-4624-9450-66E75C74B1AB">grey</UserColor>
		</LineColor>
		<LineWidth>2</LineWidth>
	</PageObject>
	<PageObject Type="Button">
		<Location top="6" left="486" bottom="30" right="570" />
		<TabOrder>2</TabOrder>
		<LeaveOnEnter>false</LeaveOnEnter>
		<ButtonType>Text</ButtonType>
		<Title>guipro::LocalizedText( '2', guipro::CurrentLanguage )</Title>
		<Font GUID="00000000-0000-0000-0000-000000000001" Name="Main Font" />
		<ActionSequence>
			<Action Type="Assignment">
				<Identifier>guipro::PROCancelAuth</Identifier>
				<AssignedValue>1</AssignedValue>
			</Action>
			<Action Type="ClosePage" />
		</ActionSequence>
	</PageObject>
	<PageObject Type="Button">
		<Location top="6" left="576" bottom="30" right="654" />
		<TabOrder>1</TabOrder>
		<LeaveOnEnter>false</LeaveOnEnter>
		<ButtonType>Text</ButtonType>
		<Title>guipro::LocalizedText( '58', guipro::CurrentLanguage )</Title>
		<Font GUID="00000000-0000-0000-0000-000000000001" Name="Main Font" />
		<ActionSequence>
			<Action Type="ClosePage" />
		</ActionSequence>
	</PageObject>
	<PageObject Type="Composite Table">
		<Location top="72" left="6" bottom="246" right="654" />
		<TabOrder>3</TabOrder>
		<Font GUID="00000000-0000-0000-0000-000000000001" Name="Main Font" />
		<Border Style="InShadow" Width="2" MarginTop="5" MarginRight="5" MarginBottom="5" MarginLeft="5" />
		<BackgroundColor RGB="#ffffff" />
		<ColumnSort>false</ColumnSort>
		<CellSelection>false</CellSelection>
		<MultipleRowSelection>false</MultipleRowSelection>
		<Domain>
			<Identifier>guipro::CUR_ENT</Identifier>
			<Index Name="guipro::CUR_ENT">
				<TitleText>guipro::LocalizedText( '59', guipro::CurrentLanguage )</TitleText>
				<ProcedureUponDblClick>guipro::RemoveEntityAuthorization</ProcedureUponDblClick>
			</Index>
		</Domain>
		<ExplicitIdentifier>
			<Identifier>guipro::PROEntityEnvironmentName( guipro::CUR_ENT -&gt; guipro::Pe_CUR_Entity )</Identifier>
			<NumberFormat Width="15" Decimals="0" Alignment="Left" />
			<TitleText>guipro::LocalizedText( '32', guipro::CurrentLanguage )</TitleText>
		</ExplicitIdentifier>
		<ExplicitIdentifier>
			<Identifier>guipro::PROEntityType( guipro::CUR_ENT -&gt; guipro::Pe_CUR_Entity )</Identifier>
			<NumberFormat Width="4" Decimals="0" Alignment="Center" />
			<TitleText>guipro::LocalizedText( '60', guipro::CurrentLanguage )</TitleText>
			<Readonly>1</Readonly>
		</ExplicitIdentifier>
		<ExplicitIdentifier>
			<Identifier>guipro::CurrentObjectEntityDeny( guipro::CUR_ENT -&gt; guipro::Pe_CUR_Entity )</Identifier>
			<NumberFormat Width="4" Decimals="0" Alignment="Center" Binary="true" />
			<TitleText>guipro::LocalizedText( '61', guipro::CurrentLanguage )</TitleText>
		</ExplicitIdentifier>
		<ExplicitIdentifier>
			<Identifier>guipro::CurrentObjectEntityExec( guipro::CUR_ENT -&gt; guipro::Pe_CUR_Entity )</Identifier>
			<NumberFormat Width="4" Decimals="0" Alignment="Center" Binary="true" />
			<TitleText>guipro::LocalizedText( '62', guipro::CurrentLanguage )</TitleText>
		</ExplicitIdentifier>
		<ExplicitIdentifier>
			<Identifier>guipro::CurrentObjectEntityRead( guipro::CUR_ENT -&gt; guipro::Pe_CUR_Entity )</Identifier>
			<NumberFormat Width="4" Decimals="0" Alignment="Center" Binary="true" />
			<TitleText>guipro::LocalizedText( '63', guipro::CurrentLanguage )</TitleText>
		</ExplicitIdentifier>
		<ExplicitIdentifier>
			<Identifier>guipro::CurrentObjectEntityWrite( guipro::CUR_ENT -&gt; guipro::Pe_CUR_Entity )</Identifier>
			<NumberFormat Width="4" Decimals="0" Alignment="Center" Binary="true" />
			<TitleText>guipro::LocalizedText( '64', guipro::CurrentLanguage )</TitleText>
		</ExplicitIdentifier>
		<ElementText Index="guipro::CUR_ENT">guipro::PROEntityName( guipro::CUR_ENT )</ElementText>
	</PageObject>
	<PageObject Type="Scalar">
		<Location top="48" left="6" bottom="66" right="126" />
		<TabOrder>4</TabOrder>
		<TabStop>false</TabStop>
		<Font GUID="00000000-0000-0000-0000-000000000001" Name="Main Font" />
		<Border Style="None" MarginTop="1" MarginRight="4" MarginBottom="1" MarginLeft="4" />
		<BackgroundColor>
			<UserColor GUID="4C29CF98-3E51-4BAA-8563-90FCE3E3DF3B">default background</UserColor>
		</BackgroundColor>
		<TextColor>
			<UserColor GUID="701D5E4D-A50B-4FD8-B7AD-7ED61961A523">default foreground</UserColor>
		</TextColor>
		<Layout>Text-Value</Layout>
		<SeparatorSign>=</SeparatorSign>
		<ExplicitIdentifier>
			<Identifier>"Current Authorization:"</Identifier>
		</ExplicitIdentifier>
	</PageObject>
	<PageObject Type="Scalar">
		<Location top="264" left="6" bottom="282" right="72" />
		<TabOrder>5</TabOrder>
		<TabStop>false</TabStop>
		<Font GUID="00000000-0000-0000-0000-000000000001" Name="Main Font" />
		<Border Style="None" MarginTop="1" MarginRight="4" MarginBottom="1" MarginLeft="4" />
		<BackgroundColor>
			<UserColor GUID="4C29CF98-3E51-4BAA-8563-90FCE3E3DF3B">default background</UserColor>
		</BackgroundColor>
		<TextColor>
			<UserColor GUID="701D5E4D-A50B-4FD8-B7AD-7ED61961A523">default foreground</UserColor>
		</TextColor>
		<Layout>Text-Value</Layout>
		<SeparatorSign>=</SeparatorSign>
		<ExplicitIdentifier>
			<Identifier>"Add Entity:"</Identifier>
		</ExplicitIdentifier>
	</PageObject>
	<PageObject Type="Selection Object">
		<SelectionType>ListBox</SelectionType>
		<SingleSelect>true</SingleSelect>
		<Location top="342" left="24" bottom="552" right="318" />
		<TabOrder>10</TabOrder>
		<Font GUID="00000000-0000-0000-0000-000000000001" Name="Main Font" />
		<TextShown>ElementName</TextShown>
		<Border Style="InShadow" Width="2" MarginTop="5" MarginRight="5" MarginBottom="5" MarginLeft="5" />
		<BackgroundColor RGB="#ffffff" />
		<ProcedureUponDblClick>guipro::AddGroupAuthorization</ProcedureUponDblClick>
		<ExplicitIdentifier>
			<Identifier>guipro::Pe_GUI_Group</Identifier>
		</ExplicitIdentifier>
		<ElementText Index="guipro::CurrentGroupSet">guipro::PROEntityName( guipro::CurrentGroupSet )</ElementText>
	</PageObject>
	<PageObject Type="Text">
		<Location top="324" left="24" bottom="342" right="84" />
		<SourceType>StringParameter</SourceType>
		<StringParameter>guipro::LocalizedText( '65', guipro::CurrentLanguage )</StringParameter>
		<Font GUID="00000000-0000-0000-0000-000000000001" Name="Main Font" />
		<TextColor RGB="#000000" />
	</PageObject>
	<PageObject Type="Selection Object">
		<SelectionType>ListBox</SelectionType>
		<SingleSelect>true</SingleSelect>
		<Location top="342" left="330" bottom="552" right="642" />
		<TabOrder>8</TabOrder>
		<Font GUID="00000000-0000-0000-0000-000000000001" Name="Main Font" />
		<TextShown>ElementName</TextShown>
		<Border Style="InShadow" Width="2" MarginTop="5" MarginRight="5" MarginBottom="5" MarginLeft="5" />
		<BackgroundColor RGB="#ffffff" />
		<ProcedureUponDblClick>guipro::AddUserAuthorization</ProcedureUponDblClick>
		<ExplicitIdentifier>
			<Identifier>guipro::Pe_GUI_User</Identifier>
		</ExplicitIdentifier>
		<ElementText Index="guipro::CurrentUserSet">guipro::PROEntityName( guipro::CurrentUserSet )</ElementText>
	</PageObject>
	<PageObject Type="Text">
		<Location top="324" left="330" bottom="342" right="390" />
		<SourceType>StringParameter</SourceType>
		<StringParameter>guipro::LocalizedText( '66', guipro::CurrentLanguage )</StringParameter>
		<Font GUID="00000000-0000-0000-0000-000000000001" Name="Main Font" />
		<TextColor RGB="#000000" />
	</PageObject>
	<PageObject Type="Selection Object">
		<SelectionType>DropDownList</SelectionType>
		<Location top="300" left="108" bottom="330" right="318" />
		<TabOrder>12</TabOrder>
		<Font GUID="00000000-0000-0000-0000-000000000001" Name="Main Font" />
		<TextShown>ElementName</TextShown>
		<Border Style="None" />
		<BackgroundColor RGB="#ffffff" />
		<ExplicitIdentifier>
			<Identifier>guipro::Pe_GUI_Env</Identifier>
		</ExplicitIdentifier>
		<ElementText Index="guipro::PROEnv">guipro::PROEnv_Name( guipro::PRO_ENV )</ElementText>
	</PageObject>
	<PageObject Type="Text">
		<Location top="300" left="24" bottom="318" right="96" />
		<SourceType>StringParameter</SourceType>
		<StringParameter>guipro::LocalizedText( '67', guipro::CurrentLanguage )</StringParameter>
		<Font GUID="00000000-0000-0000-0000-000000000001" Name="Main Font" />
		<TextColor RGB="#000000" />
	</PageObject>
	<UsedReferences>
		<Model>
			<Symbol>guipro::RemoveEntityAuthorization</Symbol>
			<Symbol>guipro::AddUserAuthorization</Symbol>
			<Symbol>guipro::PROEntityName</Symbol>
			<Symbol>guipro::CurrentObjectEntityDeny</Symbol>
			<Symbol>guipro::CurrentLanguage</Symbol>
			<Symbol>guipro::CurrentObjectEntityWrite</Symbol>
			<Symbol>guipro::CUR_ENT</Symbol>
			<Symbol>guipro::PROEntityEnvironmentName</Symbol>
			<Symbol>guipro::PROEntityType</Symbol>
			<Symbol>guipro::CurrentUserSet</Symbol>
			<Symbol>guipro::PROEnv</Symbol>
			<Symbol>guipro::Pe_GUI_Env</Symbol>
			<Symbol>guipro::Pe_GUI_Group</Symbol>
			<Symbol>guipro::LocalizedText</Symbol>
			<Symbol>guipro::AddGroupAuthorization</Symbol>
			<Symbol>guipro::CurrentGroupSet</Symbol>
			<Symbol>guipro::CurrentObjectEntityRead</Symbol>
			<Symbol>guipro::PROCancelAuth</Symbol>
			<Symbol>guipro::Pe_CUR_Entity</Symbol>
			<Symbol>guipro::CurrentObjectEntityExec</Symbol>
			<Symbol>guipro::Pe_GUI_User</Symbol>
			<Symbol>guipro::PROEnv_Name</Symbol>
		</Model>
	</UsedReferences>
</Page>
