<?xml version="1.0"?>
<Page Version="4000" TimeStamp="2014-04-11 13:13:50">
	<Location top="33" left="17" bottom="392" right="805" />
	<PageEditSize Type="Inherited" />
	<ProjectUUID>CEE75F90-6086-4AD0-890B-C051C7F4AF0D</ProjectUUID>
	<Title>guipro::LocalizedText( '13', guipro::CurrentLanguage )</Title>
	<IsDialogPage>true</IsDialogPage>
	<TemplatesTabOrderPosition>1</TemplatesTabOrderPosition>
	<Background Inherited="true" />
	<PageObject Type="Button">
		<Location top="324" left="690" bottom="348" right="780" />
		<TabOrder>1</TabOrder>
		<LeaveOnEnter>false</LeaveOnEnter>
		<ButtonType>Text</ButtonType>
		<Title>guipro::LocalizedText( '9', guipro::CurrentLanguage )</Title>
		<Font GUID="BEBC8540-218A-458E-9B49-97A8FE4E29F2" Name="Arial 8" />
		<ActionSequence>
			<Action Type="ClosePage" />
		</ActionSequence>
	</PageObject>
	<PageObject Type="Rectangle">
		<Location top="6" left="6" bottom="318" right="780" />
		<Shape>In-Shadow</Shape>
		<FillColor RGB="#ffffff" />
		<LineColor RGB="#000000" />
	</PageObject>
	<PageObject Type="Text">
		<Location top="6" left="12" bottom="312" right="774" />
		<SourceType>File</SourceType>
		<FileName>guipro::session::sessionLogFile</FileName>
		<Font GUID="BEBC8540-218A-458E-9B49-97A8FE4E29F2" Name="Arial 8" />
		<TextColor RGB="#000000" />
	</PageObject>
	<UsedReferences>
		<Model>
			<Symbol>guipro::CurrentLanguage</Symbol>
			<Symbol>guipro::LocalizedText</Symbol>
			<Symbol>guipro::session::sessionLogFile</Symbol>
		</Model>
	</UsedReferences>
</Page>
