<?xml version="1.0"?>
<Page Version="4000" TimeStamp="2014-04-11 13:13:50">
	<Location top="29" left="8" bottom="185" right="581" />
	<PageEditSize Type="Inherited" />
	<ProjectUUID>CEE75F90-6086-4AD0-890B-C051C7F4AF0D</ProjectUUID>
	<Title>guipro::LocalizedText( '53', guipro::CurrentLanguage )</Title>
	<IsDialogPage>true</IsDialogPage>
	<TemplatesTabOrderPosition>1</TemplatesTabOrderPosition>
	<Background Inherited="true" />
	<PageObject Type="Button">
		<Location top="84" left="18" bottom="108" right="156" />
		<ReadOnly>VALUE := session::CurrentStatus(session::selectedSession) &gt; pro::PROTS_RUNNING</ReadOnly>
		<TabOrder>4</TabOrder>
		<LeaveOnEnter>false</LeaveOnEnter>
		<ButtonType>Text</ButtonType>
		<Title>guipro::LocalizedText( '1', guipro::CurrentLanguage )</Title>
		<Font GUID="BEBC8540-218A-458E-9B49-97A8FE4E29F2" Name="Arial 8" />
		<ActionSequence>
			<Action Type="Run">
				<RunWhat>SpecificProcecure</RunWhat>
				<Procedure>guipro::progress::TerminateSession</Procedure>
				<AbortOnError>true</AbortOnError>
			</Action>
			<Action Type="ClosePage" />
		</ActionSequence>
	</PageObject>
	<PageObject Type="Button">
		<Location top="126" left="474" bottom="150" right="564" />
		<TabOrder>1</TabOrder>
		<LeaveOnEnter>false</LeaveOnEnter>
		<ButtonType>Text</ButtonType>
		<Title>guipro::LocalizedText( '2', guipro::CurrentLanguage )</Title>
		<Font GUID="BEBC8540-218A-458E-9B49-97A8FE4E29F2" Name="Arial 8" />
		<ActionSequence>
			<Action Type="ClosePage" />
		</ActionSequence>
	</PageObject>
	<PageObject Type="Button">
		<Location top="48" left="18" bottom="72" right="156" />
		<ReadOnly>VALUE := session::CurrentStatus(session::selectedSession) &gt; pro::PROTS_RUNNING</ReadOnly>
		<Hidden>VALUE := session::CurrentStatus(session::selectedSession) &gt; pro::PROTS_RUNNING</Hidden>
		<TabOrder>3</TabOrder>
		<LeaveOnEnter>false</LeaveOnEnter>
		<ButtonType>Text</ButtonType>
		<Title>guipro::LocalizedText( '3', guipro::CurrentLanguage )</Title>
		<Font GUID="BEBC8540-218A-458E-9B49-97A8FE4E29F2" Name="Arial 8" />
		<ActionSequence>
			<Action Type="Run">
				<RunWhat>SpecificProcecure</RunWhat>
				<Procedure>guipro::progress::ProcedureInterruptSession</Procedure>
				<AbortOnError>true</AbortOnError>
			</Action>
			<Action Type="ClosePage" />
		</ActionSequence>
	</PageObject>
	<PageObject Type="Text">
		<Location top="10" left="168" bottom="40" right="564" />
		<SourceType>StringParameter</SourceType>
		<StringParameter>guipro::LocalizedText( '4', guipro::CurrentLanguage )</StringParameter>
		<Font GUID="BEBC8540-218A-458E-9B49-97A8FE4E29F2" Name="Arial 8" />
		<TextColor RGB="#000000" />
	</PageObject>
	<PageObject Type="Button">
		<Location top="12" left="18" bottom="36" right="156" />
		<ReadOnly>VALUE := session::CurrentStatus(session::selectedSession) &gt; pro::PROTS_RUNNING</ReadOnly>
		<TabOrder>2</TabOrder>
		<LeaveOnEnter>false</LeaveOnEnter>
		<ButtonType>Text</ButtonType>
		<Title>guipro::LocalizedText( '5', guipro::CurrentLanguage )</Title>
		<Font GUID="BEBC8540-218A-458E-9B49-97A8FE4E29F2" Name="Arial 8" />
		<ActionSequence>
			<Action Type="Run">
				<RunWhat>SpecificProcecure</RunWhat>
				<Procedure>guipro::progress::SolveInterruptSession</Procedure>
				<AbortOnError>true</AbortOnError>
			</Action>
			<Action Type="ClosePage" />
		</ActionSequence>
	</PageObject>
	<PageObject Type="Text">
		<Location top="46" left="168" bottom="78" right="528" />
		<SourceType>StringParameter</SourceType>
		<StringParameter>guipro::LocalizedText( '6', guipro::CurrentLanguage )</StringParameter>
		<Font GUID="BEBC8540-218A-458E-9B49-97A8FE4E29F2" Name="Arial 8" />
		<TextColor RGB="#000000" />
	</PageObject>
	<PageObject Type="Text">
		<Location top="84" left="168" bottom="114" right="546" />
		<SourceType>StringParameter</SourceType>
		<StringParameter>guipro::LocalizedText( '7', guipro::CurrentLanguage )</StringParameter>
		<Font GUID="BEBC8540-218A-458E-9B49-97A8FE4E29F2" Name="Arial 8" />
		<TextColor RGB="#000000" />
	</PageObject>
	<PageObject Type="Selection Object">
		<SelectionType>CheckBoxes</SelectionType>
		<Location top="120" left="12" bottom="150" right="432" />
		<TabOrder>8</TabOrder>
		<Font GUID="00000000-0000-0000-0000-000000000001" Name="Main Font" />
		<TextShown>IdentifierText</TextShown>
		<Border Style="None" Width="2" MarginTop="5" MarginRight="5" MarginBottom="5" MarginLeft="5" />
		<BackgroundColor RGB="#f0f0f0" />
		<ExplicitIdentifier>
			<Identifier>guipro::progress::NoTerminationConfirmation</Identifier>
			<Description>guipro::LocalizedText( '54', guipro::CurrentLanguage )</Description>
		</ExplicitIdentifier>
	</PageObject>
	<UsedReferences>
		<Model>
			<Symbol>guipro::CurrentLanguage</Symbol>
			<Symbol>guipro::LocalizedText</Symbol>
			<Symbol>guipro::progress::TerminateSession</Symbol>
			<Symbol>guipro::progress::SolveInterruptSession</Symbol>
			<Symbol>guipro::progress::ProcedureInterruptSession</Symbol>
			<Symbol>guipro::progress::NoTerminationConfirmation</Symbol>
			<Symbol>guipro::session::CurrentStatus</Symbol>
			<Symbol>guipro::session::selectedSession</Symbol>
			<Symbol>guipro::session::SessionList</Symbol>
			<Symbol>pro::PROTS_RUNNING</Symbol>
		</Model>
	</UsedReferences>
</Page>
